event,predicted,smooth,lower,upper
Live discharge,0.16514419115606455,0.20013536230089818,0.13584006039712057,0.26751466007423297
Live discharge,0.17539885002897598,0.2017196316267577,0.13906218171294474,0.2654284853875598
Live discharge,0.1856535089018874,0.20334452832217761,0.14327411371806423,0.26563090624503655
Live discharge,0.19590816777479883,0.2051491332258572,0.14656755627978127,0.2651265637968722
Live discharge,0.20616282664771024,0.20725348703411162,0.15113000626772483,0.2648255066568363
Live discharge,0.21641748552062168,0.20975515891459956,0.15655671639184984,0.2653023043141173
Live discharge,0.22667214439353311,0.2127272208427151,0.16108650191430504,0.26672189797006846
Live discharge,0.23692680326644455,0.21621759637521104,0.16597888089907115,0.26920726730176087
Live discharge,0.24718146213935596,0.22024974109320256,0.1714614601443134,0.2718571778277323
Live discharge,0.25743612101226737,0.22482456431772982,0.1768868584018981,0.2757062072178617
Live discharge,0.2676907798851788,0.22992342416769307,0.18271661436357597,0.2803277612460037
Live discharge,0.27794543875809025,0.23551194180233578,0.18855125715788285,0.2860447735496325
Live discharge,0.2882000976310017,0.24154431209757626,0.1947606464789308,0.2924992693685019
Live discharge,0.29845475650391307,0.24796775792870027,0.2013656085328102,0.2990394939174304
Live discharge,0.3087094153768245,0.25472679183490565,0.20818284297261175,0.3053947630387789
Live discharge,0.31896407424973594,0.2617670060287558,0.2139513356585486,0.3110933856363824
Live discharge,0.3292187331226474,0.2690381931088546,0.22081295007331878,0.3178583328389606
Live discharge,0.3394733919955588,0.27649668582257575,0.22916334129656887,0.3252903068124917
Live discharge,0.34972805086847025,0.2841068788543319,0.2366210834461616,0.3324502452701062
Live discharge,0.3599827097413817,0.2918419509228563,0.24470235776477053,0.3398912955896308
Live discharge,0.37023736861429307,0.2996838423511615,0.2519498230424061,0.34773942238402433
Live discharge,0.3804920274872045,0.30762256928940307,0.26077233891867985,0.3556669214493476
Live discharge,0.39074668636011595,0.3156549810421762,0.2683890544126205,0.36337827022018615
Live discharge,0.40100134523302733,0.32378309937072747,0.2767110229175653,0.3703043879096019
Live discharge,0.41125600410593877,0.33201221972975764,0.28462347056579457,0.3787709922788986
Live discharge,0.4215106629788502,0.34034899715181527,0.29298815337001277,0.38788563785871516
Live discharge,0.43176532185176164,0.3487997694322354,0.3007391790988292,0.3960162742218608
Live discharge,0.4420199807246731,0.3573693701703048,0.30935500989224907,0.4055446361543186
Live discharge,0.4522746395975845,0.36606064137804756,0.3176385952504677,0.4158481232524993
Live discharge,0.46252929847049595,0.3748747684475831,0.32599803234615216,0.424555124239068
Live discharge,0.47278395734340734,0.3838124421687701,0.334468237559843,0.43397052959173255
Live discharge,0.4830386162163188,0.3928757269668139,0.3423078834692832,0.4443278311914225
Live discharge,0.4932932750892302,0.4020704076394095,0.3504574628712397,0.4546883164896906
Live discharge,0.5035479339621416,0.411408517274855,0.35845438022478626,0.46517827241822757
Live discharge,0.5138025928350531,0.4209107219482723,0.3669880340832315,0.47453448189096303
Live discharge,0.5240572517079645,0.4306082452590755,0.37689940665939425,0.48444396006269663
Live discharge,0.5343119105808759,0.4405440424074726,0.38774430043947616,0.4949943024069713
Live discharge,0.5445665694537873,0.4507729645840303,0.3968804702093672,0.5052136531389563
Live discharge,0.5548212283266988,0.4613606828426822,0.40578174834351505,0.5163268228695561
Live discharge,0.5650758871996102,0.4723811706740037,0.41533119279477865,0.5281692613049098
Live discharge,0.5753305460725215,0.4839125923915623,0.4265953309110695,0.5399521548296253
Live discharge,0.5855852049454331,0.49603153564334196,0.43781603630048227,0.5530444370796446
Live discharge,0.5958398638183444,0.5088056898956649,0.44857196261026583,0.5664091151331294
Live discharge,0.606094522691256,0.5222853315327906,0.46254607309388684,0.5804309156453072
Live discharge,0.6163491815641673,0.5364943321655011,0.47639104515689784,0.5959369848691104
Live discharge,0.6266038404370788,0.5514218211678082,0.49178851916559213,0.6103337974519879
Live discharge,0.6368584993099902,0.56701600866462,0.5083396930523305,0.6256379377904356
Live discharge,0.6471131581829016,0.5831818507535647,0.5242203072512676,0.6419375895703524
Live discharge,0.657367817055813,0.5997840223909066,0.5411834846768719,0.6577219366995901
Live discharge,0.6676224759287244,0.6166559108592913,0.5585411533405998,0.6745776973804417
Live discharge,0.6778771348016359,0.6336140737194794,0.576866987284062,0.6905492363115875
Live discharge,0.6881317936745472,0.6504760962950963,0.597104310818484,0.7053287595734645
Live discharge,0.6983864525474588,0.6670785488140499,0.6146101360394569,0.7208160902560443
Live discharge,0.7086411114203701,0.6832913439146782,0.6322769523215488,0.7357233831575107
Live discharge,0.7188957702932817,0.6990255410606602,0.6488336295632245,0.7489240084772123
Live discharge,0.729150429166193,0.7142333656054511,0.6657867070462687,0.7635942923519129
Live discharge,0.7394050880391045,0.7289012855416294,0.6817502988378297,0.7777361044824879
Live discharge,0.7496597469120159,0.7430386478139018,0.6966576751609154,0.7899033645052793
Live discharge,0.7599144057849274,0.756665083797446,0.7107087022748382,0.801020814142018
Live discharge,0.7701690646578387,0.7697995707614319,0.7252412461726719,0.812616022989096
Live discharge,0.7804237235307501,0.7824530053437388,0.7395630231853776,0.8222609652440778
Live discharge,0.7906783824036616,0.7946248955694661,0.7537531404047134,0.8330633062982349
Live discharge,0.8009330412765729,0.8063037260454933,0.7669406072986679,0.843286414275955
Live discharge,0.8111877001494845,0.817469914905099,0.7795427895994883,0.8525946226131426
Live discharge,0.8214423590223958,0.8281000822308509,0.7918422710627102,0.8612875566513688
Live discharge,0.8316970178953074,0.8381714841372441,0.8035887559690833,0.869438233476583
Live discharge,0.8419516767682187,0.8476657865157771,0.8146220817661671,0.8776598049646854
Live discharge,0.8522063356411302,0.8565717232139083,0.8257326200258692,0.8854940544134914
Live discharge,0.8624609945140416,0.8648865116148629,0.8354419768965253,0.8926067332835224
Live discharge,0.8727156533869531,0.8726161361582193,0.8444158347602367,0.8994663943321173
Live discharge,0.8829703122598644,0.8797747465131633,0.8529352215478889,0.9059080219246098
Live discharge,0.8932249711327758,0.8863834653725929,0.860009842368499,0.9114430492016516
Live discharge,0.9034796300056873,0.8924688861769899,0.8670566650877541,0.9171401090426541
Live discharge,0.9137342888785986,0.8980614901951286,0.8741782825665574,0.9217439787008979
Live discharge,0.9239889477515102,0.9031941476600372,0.8797059579649816,0.9259216737452839
Live discharge,0.9342436066244215,0.9079008046314275,0.884893660796396,0.9300130826382187
Live discharge,0.9444982654973331,0.9122154046553111,0.8896407581218064,0.9337082729609303
Live discharge,0.9547529243702444,0.9161710554159401,0.8937704100458316,0.9369020302609872
Live discharge,0.9650075832431559,0.9197994251323193,0.897196760312036,0.9401866750495992
Live discharge,0.9752622421160674,0.9231303392389915,0.9013015730604094,0.9430862567049
In-hospital death,0.018124142712517402,0.049563512587914624,0.035260626654870335,0.06473083989753081
In-hospital death,0.02746382898172011,0.052830725173723184,0.03814162247126379,0.06851478139504
In-hospital death,0.03680351525092282,0.056465854671713694,0.04129132383552508,0.07268769017105649
In-hospital death,0.04614320152012552,0.06051140296335543,0.0449810650173554,0.07717527967684096
In-hospital death,0.05548288778932823,0.06501244179832996,0.04908865673264601,0.08225858707675231
In-hospital death,0.06482257405853094,0.07001579791141051,0.053448974514672586,0.08791266759710009
In-hospital death,0.07416226032773364,0.07556883391888336,0.058361515878049997,0.09432601403357715
In-hospital death,0.08350194659693636,0.08171775229497805,0.06362567503181833,0.10120400931602296
In-hospital death,0.09284163286613906,0.08850537159853503,0.06944477994953219,0.10872525305694226
In-hospital death,0.10218131913534176,0.09596836783593908,0.07602821827238279,0.11677977988998117
In-hospital death,0.11152100540454447,0.10413404435603328,0.08372357978156968,0.12588768700737743
In-hospital death,0.12086069167374718,0.11301679188648667,0.0916808354015395,0.13593854028292257
In-hospital death,0.13020037794294986,0.12261451943551724,0.0999582501900729,0.14651487442170136
In-hospital death,0.1395400642121526,0.13290545875730436,0.1095020840943805,0.15774386920915148
In-hospital death,0.14887975048135532,0.1438458393065065,0.11921678639090763,0.17025161071028191
In-hospital death,0.158219436750558,0.15536895748025184,0.12956886576633178,0.18212417863281707
In-hospital death,0.16755912301976073,0.16738608536528124,0.14069185792379643,0.19538967952820135
In-hospital death,0.1768988092889634,0.17978946023585113,0.15216084315544803,0.20915098691338463
In-hospital death,0.18623849555816613,0.19245728222309036,0.1634053842021179,0.2235173836440067
In-hospital death,0.19557818182736886,0.20526028327147747,0.1748832747847269,0.2373213940471563
In-hospital death,0.20491786809657153,0.21806910911486838,0.18647867884478958,0.2510020910946329
In-hospital death,0.21425755436577426,0.23076157533061534,0.19842101928864686,0.2647039541255807
In-hospital death,0.22359724063497693,0.24322888173514476,0.20978764722795548,0.27810810948529224
In-hospital death,0.23293692690417966,0.25538009593313404,0.2207724583023365,0.2915444277287522
In-hospital death,0.24227661317338234,0.2671445800583172,0.23123519314738405,0.3043161884483281
In-hospital death,0.25161629944258507,0.27847242859366894,0.2408590008159892,0.31688899280253746
In-hospital death,0.2609559857117878,0.2893333060113638,0.25042841328381016,0.3298174663962427
In-hospital death,0.27029567198099047,0.2997142551475371,0.25929461542832155,0.341774343145112
In-hospital death,0.2796353582501932,0.30961707707844655,0.26760003788831077,0.35230693597834933
In-hospital death,0.2889750445193959,0.31905579052875127,0.27606630443895636,0.363051778787737
In-hospital death,0.2983147307885986,0.3280545150612124,0.28492148345505275,0.37329828988232455
In-hospital death,0.3076544170578013,0.3366459389566288,0.2921222793443894,0.38292775235085663
In-hospital death,0.316994103327004,0.34487036739670934,0.29869538528211503,0.3922939860020309
In-hospital death,0.32633378959620674,0.3527752190785334,0.3058293929092684,0.4014107841362152
In-hospital death,0.3356734758654094,0.36041475487258656,0.31247109129516515,0.40976843720626055
In-hospital death,0.34501316213461214,0.3678497774381319,0.3198153576005221,0.4177609640199084
In-hospital death,0.3543528484038148,0.3751470304842822,0.3260392686919092,0.4258999133862462
In-hospital death,0.36369253467301754,0.38237804719562607,0.33227900984645287,0.4349380018706981
In-hospital death,0.37303222094222027,0.3896172493009203,0.33913843004508953,0.4421574563361886
In-hospital death,0.38237190721142295,0.3969391839606981,0.34581858261117265,0.4510570880586047
In-hospital death,0.3917115934806257,0.40441490707724814,0.35253637953724376,0.45950448346159695
In-hospital death,0.40105127974982835,0.41210767543595356,0.3598809461478961,0.46752123652156896
In-hospital death,0.4103909660190311,0.42006828248560185,0.3671880984763351,0.4769945626282677
In-hospital death,0.4197306522882338,0.4283305359901231,0.3754208875251378,0.48636805797428784
In-hospital death,0.4290703385574365,0.43690749003910206,0.3823770669500624,0.49735180928831246
In-hospital death,0.4384100248266392,0.44578906415182956,0.3890010844786178,0.5076187362070761
In-hospital death,0.4477497110958419,0.4549415738069028,0.39791950300691614,0.5174557330890878
In-hospital death,0.4570893973650446,0.46430945287735026,0.40696810611771334,0.5271884784288191
In-hospital death,0.4664290836342473,0.4738191027174799,0.41505399054629516,0.5372575731277123
In-hospital death,0.47576876990345,0.483384427774349,0.4226782921670785,0.5478846461375269
In-hospital death,0.48510845617265275,0.4929133068283079,0.4307336044518065,0.5580881217597023
In-hospital death,0.4944481424418554,0.5023140851465862,0.4392899245963849,0.567984520070915
In-hospital death,0.5037878287110582,0.5115011984874259,0.4478148425170123,0.5794100599752737
In-hospital death,0.5131275149802609,0.5203992425512072,0.4554431850976284,0.5901320756182713
In-hospital death,0.5224672012494636,0.52894512095644,0.4640970733575608,0.5997403961409397
In-hospital death,0.5318068875186662,0.5370882577198435,0.4715301728733327,0.6086485902195619
In-hospital death,0.541146573787869,0.5447891689139459,0.4779295529906809,0.6172530452284788
In-hospital death,0.5504862600570717,0.5520169016219816,0.482627785444285,0.6252435622545907
In-hospital death,0.5598259463262744,0.558745948556383,0.48815127041392553,0.6317659209675935
In-hospital death,0.5691656325954771,0.5649532428784555,0.49279941559124935,0.6389296630173061
In-hospital death,0.5785053188646798,0.5706157540059366,0.4960885093535681,0.6457554362127522
In-hospital death,0.5878450051338825,0.5757090692740079,0.5007791085121119,0.652462701344093
In-hospital death,0.5971846914030852,0.5802071826814339,0.505415117519121,0.6569496939831241
In-hospital death,0.606524377672288,0.5840835400139196,0.509311671709633,0.6618930516299146
In-hospital death,0.6158640639414906,0.5873132254315462,0.5133003038954104,0.6664098793609196
In-hospital death,0.6252037502106933,0.5898760333485049,0.5150092534166876,0.6700319160663036
In-hospital death,0.6345434364798961,0.5917600666206474,0.5149861734535931,0.6738765383306042
In-hospital death,0.6438831227490988,0.5929654519623889,0.5158139693203703,0.6769881446706287
In-hospital death,0.6532228090183014,0.5935077753008747,0.5131003957212851,0.6783448111332163
In-hospital death,0.6625624952875041,0.5934209128916815,0.5097543042906282,0.6800106539225798
In-hospital death,0.6719021815567069,0.5927590552896418,0.5054737903123963,0.6821392557607401
In-hospital death,0.6812418678259096,0.5915978656945771,0.5022816079478989,0.6830340621150254
In-hospital death,0.6905815540951122,0.5900348500102098,0.4995550912895455,0.6860828460140276
In-hospital death,0.699921240364315,0.5881891124576928,0.4933991025635856,0.6888937135344705
In-hospital death,0.7092609266335177,0.5862007058631377,0.4903278169607038,0.688770832630386
In-hospital death,0.7186006129027204,0.5842297515129415,0.4850890215992959,0.6899312545594821
In-hospital death,0.7279402991719232,0.582455405672329,0.4809908531739,0.6899659746423705
In-hospital death,0.7372799854411258,0.5810746056504195,0.4762111245092854,0.6900826838483416
In-hospital death,0.7466196717103285,0.5803003617005167,0.4740619714577302,0.6917046812287518
In-hospital death,0.7559593579795313,0.5803591996444911,0.47252164091932075,0.6950430518789125
