feature,repeat,importance,fold,model
age,1,0.0013151608391323288,1,Multinomial logistic regression
age,2,0.0017351622845515058,1,Multinomial logistic regression
years_of_education,1,0.0011357461590074114,1,Multinomial logistic regression
years_of_education,2,0.0005682109712839833,1,Multinomial logistic regression
number_of_comorbidities,1,-0.00010858364308355406,1,Multinomial logistic regression
number_of_comorbidities,2,0.00028179777353642965,1,Multinomial logistic regression
hospital_day_at_study_entry,1,0.005969501797500165,1,Multinomial logistic regression
hospital_day_at_study_entry,2,0.005175568932908603,1,Multinomial logistic regression
mean_arterial_pressure,1,0.0005545869837242923,1,Multinomial logistic regression
mean_arterial_pressure,2,0.0009653690756015743,1,Multinomial logistic regression
white_blood_cell_count,1,0.0003469302175247435,1,Multinomial logistic regression
white_blood_cell_count,2,0.00018339010137446987,1,Multinomial logistic regression
heart_rate,1,0.0014494263399722485,1,Multinomial logistic regression
heart_rate,2,0.0021220000181468024,1,Multinomial logistic regression
respiratory_rate,1,0.0003207187547252799,1,Multinomial logistic regression
respiratory_rate,2,0.0002889750241482081,1,Multinomial logistic regression
temperature,1,-0.00028278378512619495,1,Multinomial logistic regression
temperature,2,0.0003828626838833782,1,Multinomial logistic regression
pao2_fio2_ratio,1,0.0015153596485837362,1,Multinomial logistic regression
pao2_fio2_ratio,2,0.0020281001052820935,1,Multinomial logistic regression
albumin,1,0.0013421165600198681,1,Multinomial logistic regression
albumin,2,0.00041078292802615435,1,Multinomial logistic regression
bilirubin,1,0.0011972934791306677,1,Multinomial logistic regression
bilirubin,2,0.0013122478603235788,1,Multinomial logistic regression
creatinine,1,0.0004378559557107753,1,Multinomial logistic regression
creatinine,2,0.0010396401368850117,1,Multinomial logistic regression
sodium,1,0.00022338840354726996,1,Multinomial logistic regression
sodium,2,9.416553158722585e-05,1,Multinomial logistic regression
arterial_ph,1,0.0006835215177472542,1,Multinomial logistic regression
arterial_ph,2,0.0007393309347895893,1,Multinomial logistic regression
glucose,1,7.426856938411164e-05,1,Multinomial logistic regression
glucose,2,-2.6624504474270783e-05,1,Multinomial logistic regression
blood_urea_nitrogen,1,0.00013019993270496633,1,Multinomial logistic regression
blood_urea_nitrogen,2,0.000329679695024343,1,Multinomial logistic regression
urine_output,1,3.833312247983334e-05,1,Multinomial logistic regression
urine_output,2,-0.00018445406962164235,1,Multinomial logistic regression
adl_patient_reported,1,0.02394377868529199,1,Multinomial logistic regression
adl_patient_reported,2,0.03260121516558298,1,Multinomial logistic regression
adl_surrogate_reported,1,0.0015998104323464157,1,Multinomial logistic regression
adl_surrogate_reported,2,0.0009768657528011482,1,Multinomial logistic regression
sex,1,-1.0729201293219193e-05,1,Multinomial logistic regression
sex,2,-9.647315418109814e-06,1,Multinomial logistic regression
race,1,0.00015353311648569345,1,Multinomial logistic regression
race,2,0.00014147693222810176,1,Multinomial logistic regression
income_category,1,0.0003809079800928261,1,Multinomial logistic regression
income_category,2,0.000730704778262925,1,Multinomial logistic regression
diagnosis_group,1,0.011414338425389914,1,Multinomial logistic regression
diagnosis_group,2,0.008083851023798105,1,Multinomial logistic regression
diagnosis_class,1,0.010704030313544055,1,Multinomial logistic regression
diagnosis_class,2,0.008900811027355127,1,Multinomial logistic regression
diabetes,1,-1.832426337419757e-05,1,Multinomial logistic regression
diabetes,2,-2.5473431686462433e-05,1,Multinomial logistic regression
dementia,1,0.0003793969960066701,1,Multinomial logistic regression
dementia,2,0.00032359665672557214,1,Multinomial logistic regression
cancer_status,1,1.8878085106643905e-05,1,Multinomial logistic regression
cancer_status,2,7.539511888268735e-05,1,Multinomial logistic regression
age,1,9.996745157683784e-05,2,Multinomial logistic regression
age,2,0.0017740102796991453,2,Multinomial logistic regression
years_of_education,1,0.0013223446160093577,2,Multinomial logistic regression
years_of_education,2,0.0014098917370218844,2,Multinomial logistic regression
number_of_comorbidities,1,0.0003063864013987394,2,Multinomial logistic regression
number_of_comorbidities,2,3.166334657203618e-05,2,Multinomial logistic regression
hospital_day_at_study_entry,1,0.00604108440270007,2,Multinomial logistic regression
hospital_day_at_study_entry,2,0.00417787798056285,2,Multinomial logistic regression
mean_arterial_pressure,1,0.0012988369892918128,2,Multinomial logistic regression
mean_arterial_pressure,2,0.0008524656876058301,2,Multinomial logistic regression
white_blood_cell_count,1,0.0004856295608720862,2,Multinomial logistic regression
white_blood_cell_count,2,0.0005077049766949726,2,Multinomial logistic regression
heart_rate,1,0.0008569072669560307,2,Multinomial logistic regression
heart_rate,2,0.0007159913625886527,2,Multinomial logistic regression
respiratory_rate,1,-5.2588331204972416e-05,2,Multinomial logistic regression
respiratory_rate,2,0.00021956218834895402,2,Multinomial logistic regression
temperature,1,-4.53418387175164e-06,2,Multinomial logistic regression
temperature,2,1.1638265582536444e-05,2,Multinomial logistic regression
pao2_fio2_ratio,1,0.0007853399482790069,2,Multinomial logistic regression
pao2_fio2_ratio,2,0.0008167010335021763,2,Multinomial logistic regression
albumin,1,0.0007013823026224553,2,Multinomial logistic regression
albumin,2,0.00017468365083528337,2,Multinomial logistic regression
bilirubin,1,0.003714963265112975,2,Multinomial logistic regression
bilirubin,2,0.0032269927773166673,2,Multinomial logistic regression
creatinine,1,0.0007194003179964714,2,Multinomial logistic regression
creatinine,2,0.0006303691907126874,2,Multinomial logistic regression
sodium,1,8.466372543239342e-05,2,Multinomial logistic regression
sodium,2,-8.946485449690122e-06,2,Multinomial logistic regression
arterial_ph,1,0.0004400670217200586,2,Multinomial logistic regression
arterial_ph,2,0.00017455228162466252,2,Multinomial logistic regression
glucose,1,0.000403992778946205,2,Multinomial logistic regression
glucose,2,0.0003386608430348548,2,Multinomial logistic regression
blood_urea_nitrogen,1,0.0007707164113422982,2,Multinomial logistic regression
blood_urea_nitrogen,2,0.0008593722228657508,2,Multinomial logistic regression
urine_output,1,-0.00036314559535532975,2,Multinomial logistic regression
urine_output,2,-0.001220231515566994,2,Multinomial logistic regression
adl_patient_reported,1,0.028257674737636185,2,Multinomial logistic regression
adl_patient_reported,2,0.027785813590958996,2,Multinomial logistic regression
adl_surrogate_reported,1,0.001160094237758924,2,Multinomial logistic regression
adl_surrogate_reported,2,0.0010421188923087077,2,Multinomial logistic regression
sex,1,0.00014020083343646572,2,Multinomial logistic regression
sex,2,0.00011646065260662031,2,Multinomial logistic regression
race,1,0.0005712122780218987,2,Multinomial logistic regression
race,2,0.0002525510181066726,2,Multinomial logistic regression
income_category,1,0.002459482521478512,2,Multinomial logistic regression
income_category,2,0.0005834817047139229,2,Multinomial logistic regression
diagnosis_group,1,0.009443304347564074,2,Multinomial logistic regression
diagnosis_group,2,0.009434051565295587,2,Multinomial logistic regression
diagnosis_class,1,0.016761813075208354,2,Multinomial logistic regression
diagnosis_class,2,0.011210863116181663,2,Multinomial logistic regression
diabetes,1,-3.626785245625097e-06,2,Multinomial logistic regression
diabetes,2,2.4502843462947954e-05,2,Multinomial logistic regression
dementia,1,-0.00019694643199530404,2,Multinomial logistic regression
dementia,2,-0.0008022434364039488,2,Multinomial logistic regression
cancer_status,1,0.000190448178834568,2,Multinomial logistic regression
cancer_status,2,0.00020670440248801714,2,Multinomial logistic regression
age,1,0.0033156461941423465,3,Multinomial logistic regression
age,2,0.0027803589498533454,3,Multinomial logistic regression
years_of_education,1,0.0001786494841409525,3,Multinomial logistic regression
years_of_education,2,-0.0003240532438571475,3,Multinomial logistic regression
number_of_comorbidities,1,0.0011054969320676011,3,Multinomial logistic regression
number_of_comorbidities,2,0.0004313839540607267,3,Multinomial logistic regression
hospital_day_at_study_entry,1,0.005214264673269631,3,Multinomial logistic regression
hospital_day_at_study_entry,2,0.0062621790616682604,3,Multinomial logistic regression
mean_arterial_pressure,1,0.0012982945417918113,3,Multinomial logistic regression
mean_arterial_pressure,2,0.0008150114028477873,3,Multinomial logistic regression
white_blood_cell_count,1,0.00011781421562803707,3,Multinomial logistic regression
white_blood_cell_count,2,0.00046247534528109924,3,Multinomial logistic regression
heart_rate,1,0.0012039142527536795,3,Multinomial logistic regression
heart_rate,2,0.00281365864716393,3,Multinomial logistic regression
respiratory_rate,1,-9.237147345408925e-05,3,Multinomial logistic regression
respiratory_rate,2,-1.5935999983146543e-05,3,Multinomial logistic regression
temperature,1,0.000239818195368946,3,Multinomial logistic regression
temperature,2,-5.092495613145953e-05,3,Multinomial logistic regression
pao2_fio2_ratio,1,0.0006398127003117704,3,Multinomial logistic regression
pao2_fio2_ratio,2,5.201484246217247e-05,3,Multinomial logistic regression
albumin,1,0.00011058746164063771,3,Multinomial logistic regression
albumin,2,0.0008539998271949178,3,Multinomial logistic regression
bilirubin,1,0.004223493063317041,3,Multinomial logistic regression
bilirubin,2,0.0023247450822010407,3,Multinomial logistic regression
creatinine,1,0.0004085460982989342,3,Multinomial logistic regression
creatinine,2,5.8503635998075065e-05,3,Multinomial logistic regression
sodium,1,-6.415889262895158e-06,3,Multinomial logistic regression
sodium,2,6.383855011743433e-05,3,Multinomial logistic regression
arterial_ph,1,0.0005716996742252678,3,Multinomial logistic regression
arterial_ph,2,0.0007767751960737201,3,Multinomial logistic regression
glucose,1,0.00017884934705636457,3,Multinomial logistic regression
glucose,2,-0.0005631119795806994,3,Multinomial logistic regression
blood_urea_nitrogen,1,0.0008187555618998088,3,Multinomial logistic regression
blood_urea_nitrogen,2,0.0007534732895730367,3,Multinomial logistic regression
urine_output,1,0.00042964483806584575,3,Multinomial logistic regression
urine_output,2,0.0007451214844394483,3,Multinomial logistic regression
adl_patient_reported,1,0.02288358365211174,3,Multinomial logistic regression
adl_patient_reported,2,0.02243264444670115,3,Multinomial logistic regression
adl_surrogate_reported,1,0.0007139977130544151,3,Multinomial logistic regression
adl_surrogate_reported,2,0.0004272592418804455,3,Multinomial logistic regression
sex,1,-2.060662391317747e-05,3,Multinomial logistic regression
sex,2,-9.305541165960385e-07,3,Multinomial logistic regression
race,1,-0.0003454705331476515,3,Multinomial logistic regression
race,2,3.4090865064229092e-06,3,Multinomial logistic regression
income_category,1,0.0003942106527228817,3,Multinomial logistic regression
income_category,2,0.00025176229141063433,3,Multinomial logistic regression
diagnosis_group,1,0.0047612747459724325,3,Multinomial logistic regression
diagnosis_group,2,0.006085244283080826,3,Multinomial logistic regression
diagnosis_class,1,0.016657048575321104,3,Multinomial logistic regression
diagnosis_class,2,0.014830893522041255,3,Multinomial logistic regression
diabetes,1,2.4469071454480407e-05,3,Multinomial logistic regression
diabetes,2,-6.209305162432899e-05,3,Multinomial logistic regression
dementia,1,0.0013673631882438197,3,Multinomial logistic regression
dementia,2,0.001372075723479138,3,Multinomial logistic regression
cancer_status,1,9.8941193087565e-05,3,Multinomial logistic regression
cancer_status,2,5.8301561439988436e-05,3,Multinomial logistic regression
age,1,0.0007808217239584081,4,Multinomial logistic regression
age,2,0.0011302985209563632,4,Multinomial logistic regression
years_of_education,1,0.0014960362041871456,4,Multinomial logistic regression
years_of_education,2,0.0003807970773136715,4,Multinomial logistic regression
number_of_comorbidities,1,0.00046166041848033634,4,Multinomial logistic regression
number_of_comorbidities,2,0.00038220746864087163,4,Multinomial logistic regression
hospital_day_at_study_entry,1,0.0045313773438010185,4,Multinomial logistic regression
hospital_day_at_study_entry,2,0.002588571627891584,4,Multinomial logistic regression
mean_arterial_pressure,1,0.00028153571542186007,4,Multinomial logistic regression
mean_arterial_pressure,2,0.0005088336970464624,4,Multinomial logistic regression
white_blood_cell_count,1,0.0025191782449981714,4,Multinomial logistic regression
white_blood_cell_count,2,0.002775519115295444,4,Multinomial logistic regression
heart_rate,1,0.0014683920059658795,4,Multinomial logistic regression
heart_rate,2,0.0015583129121491401,4,Multinomial logistic regression
respiratory_rate,1,0.00014063267267150348,4,Multinomial logistic regression
respiratory_rate,2,0.00014124315434299595,4,Multinomial logistic regression
temperature,1,0.000201213507664888,4,Multinomial logistic regression
temperature,2,-0.00015333319279708935,4,Multinomial logistic regression
pao2_fio2_ratio,1,-0.00011415183503044046,4,Multinomial logistic regression
pao2_fio2_ratio,2,0.0006393258138951974,4,Multinomial logistic regression
albumin,1,0.0026605454946693197,4,Multinomial logistic regression
albumin,2,0.0012122017197384316,4,Multinomial logistic regression
bilirubin,1,0.004477383095743415,4,Multinomial logistic regression
bilirubin,2,0.0031383832725047633,4,Multinomial logistic regression
creatinine,1,0.0011592227823039036,4,Multinomial logistic regression
creatinine,2,0.0014441594688761883,4,Multinomial logistic regression
sodium,1,4.4363625938792506e-05,4,Multinomial logistic regression
sodium,2,-0.0001979246092665976,4,Multinomial logistic regression
arterial_ph,1,0.0012460327728767706,4,Multinomial logistic regression
arterial_ph,2,0.0008648859320450342,4,Multinomial logistic regression
glucose,1,0.0003598507267179585,4,Multinomial logistic regression
glucose,2,0.00017137711919718024,4,Multinomial logistic regression
blood_urea_nitrogen,1,0.00032569422840766915,4,Multinomial logistic regression
blood_urea_nitrogen,2,0.0008475707154639578,4,Multinomial logistic regression
urine_output,1,-0.0005035643417829472,4,Multinomial logistic regression
urine_output,2,-1.5823425472183406e-05,4,Multinomial logistic regression
adl_patient_reported,1,0.02874331609022035,4,Multinomial logistic regression
adl_patient_reported,2,0.025750687303278286,4,Multinomial logistic regression
adl_surrogate_reported,1,0.0014918841402127847,4,Multinomial logistic regression
adl_surrogate_reported,2,0.0010160214944104906,4,Multinomial logistic regression
sex,1,-2.2795242114320713e-05,4,Multinomial logistic regression
sex,2,2.1890961485027116e-05,4,Multinomial logistic regression
race,1,0.0002387306942192302,4,Multinomial logistic regression
race,2,0.0002878585487056662,4,Multinomial logistic regression
income_category,1,0.0006771971746671879,4,Multinomial logistic regression
income_category,2,0.00015867513744194373,4,Multinomial logistic regression
diagnosis_group,1,0.007193273080317891,4,Multinomial logistic regression
diagnosis_group,2,0.00920438886167202,4,Multinomial logistic regression
diagnosis_class,1,0.0142003974017757,4,Multinomial logistic regression
diagnosis_class,2,0.017444579211498973,4,Multinomial logistic regression
diabetes,1,1.876413391438403e-05,4,Multinomial logistic regression
diabetes,2,-1.729587466314797e-05,4,Multinomial logistic regression
dementia,1,0.00032342648317412737,4,Multinomial logistic regression
dementia,2,0.00031198421096612083,4,Multinomial logistic regression
cancer_status,1,-0.00041701739144325844,4,Multinomial logistic regression
cancer_status,2,0.00010869445780065101,4,Multinomial logistic regression
age,1,0.0014839178518992469,5,Multinomial logistic regression
age,2,0.004188488204945884,5,Multinomial logistic regression
years_of_education,1,0.0007050940882252776,5,Multinomial logistic regression
years_of_education,2,0.0007198368467165039,5,Multinomial logistic regression
number_of_comorbidities,1,0.0009878523927683847,5,Multinomial logistic regression
number_of_comorbidities,2,0.0009536885292063813,5,Multinomial logistic regression
hospital_day_at_study_entry,1,0.005331445847894578,5,Multinomial logistic regression
hospital_day_at_study_entry,2,0.0051467802440382515,5,Multinomial logistic regression
mean_arterial_pressure,1,0.0005115467248465178,5,Multinomial logistic regression
mean_arterial_pressure,2,0.0007711137775465726,5,Multinomial logistic regression
white_blood_cell_count,1,-2.4372320706123052e-05,5,Multinomial logistic regression
white_blood_cell_count,2,0.0010995334441368798,5,Multinomial logistic regression
heart_rate,1,0.0004779740004716704,5,Multinomial logistic regression
heart_rate,2,-0.0004567594237432915,5,Multinomial logistic regression
respiratory_rate,1,0.0001117064747526153,5,Multinomial logistic regression
respiratory_rate,2,7.244277769019591e-05,5,Multinomial logistic regression
temperature,1,0.0003739859359203901,5,Multinomial logistic regression
temperature,2,0.0005444154752416996,5,Multinomial logistic regression
pao2_fio2_ratio,1,0.002862045436810956,5,Multinomial logistic regression
pao2_fio2_ratio,2,0.0017016509860961482,5,Multinomial logistic regression
albumin,1,0.001659237425848864,5,Multinomial logistic regression
albumin,2,0.00044569103826017087,5,Multinomial logistic regression
bilirubin,1,0.0019274330317928245,5,Multinomial logistic regression
bilirubin,2,0.002074643552795352,5,Multinomial logistic regression
creatinine,1,-0.0003549084958325288,5,Multinomial logistic regression
creatinine,2,0.000329642584048051,5,Multinomial logistic regression
sodium,1,-0.0002279106515073459,5,Multinomial logistic regression
sodium,2,0.00014528066479244095,5,Multinomial logistic regression
arterial_ph,1,0.002269518836225448,5,Multinomial logistic regression
arterial_ph,2,0.002454584279172445,5,Multinomial logistic regression
glucose,1,0.0005144864571477448,5,Multinomial logistic regression
glucose,2,0.0003479126328389537,5,Multinomial logistic regression
blood_urea_nitrogen,1,0.0006800375545132353,5,Multinomial logistic regression
blood_urea_nitrogen,2,0.0006895403546927914,5,Multinomial logistic regression
urine_output,1,0.0016401584653716883,5,Multinomial logistic regression
urine_output,2,0.0022604185359794693,5,Multinomial logistic regression
adl_patient_reported,1,0.026937011159690327,5,Multinomial logistic regression
adl_patient_reported,2,0.034180575428284454,5,Multinomial logistic regression
adl_surrogate_reported,1,0.002491127375624791,5,Multinomial logistic regression
adl_surrogate_reported,2,0.0020810463424913994,5,Multinomial logistic regression
sex,1,-7.136992741507697e-05,5,Multinomial logistic regression
sex,2,-0.0002061171478287549,5,Multinomial logistic regression
race,1,-0.00013270915492297197,5,Multinomial logistic regression
race,2,-0.00016271246707869058,5,Multinomial logistic regression
income_category,1,-0.0008303939734775612,5,Multinomial logistic regression
income_category,2,-0.0007541871359630914,5,Multinomial logistic regression
diagnosis_group,1,0.00610443030322233,5,Multinomial logistic regression
diagnosis_group,2,0.0073053228749691,5,Multinomial logistic regression
diagnosis_class,1,0.011895365414710452,5,Multinomial logistic regression
diagnosis_class,2,0.01029858017930152,5,Multinomial logistic regression
diabetes,1,0.0001508695682354566,5,Multinomial logistic regression
diabetes,2,0.0001508268955463521,5,Multinomial logistic regression
dementia,1,-0.0005643141863609369,5,Multinomial logistic regression
dementia,2,-0.0008199253879044022,5,Multinomial logistic regression
cancer_status,1,0.00015197161138430504,5,Multinomial logistic regression
cancer_status,2,0.00034126527016686836,5,Multinomial logistic regression
age,1,0.0008039581309086108,1,Histogram gradient boosting
age,2,0.0010836172434713354,1,Histogram gradient boosting
years_of_education,1,0.00033165382011501876,1,Histogram gradient boosting
years_of_education,2,0.0005714597699070234,1,Histogram gradient boosting
number_of_comorbidities,1,-3.586955729528718e-05,1,Histogram gradient boosting
number_of_comorbidities,2,0.0003730735100471172,1,Histogram gradient boosting
hospital_day_at_study_entry,1,0.007393878478716753,1,Histogram gradient boosting
hospital_day_at_study_entry,2,0.005295154369507615,1,Histogram gradient boosting
mean_arterial_pressure,1,-0.00037688672006608304,1,Histogram gradient boosting
mean_arterial_pressure,2,2.110699044188813e-05,1,Histogram gradient boosting
white_blood_cell_count,1,3.2580539546162024e-05,1,Histogram gradient boosting
white_blood_cell_count,2,-0.001313369104001566,1,Histogram gradient boosting
heart_rate,1,0.0006661311946610238,1,Histogram gradient boosting
heart_rate,2,0.0003203961176603265,1,Histogram gradient boosting
respiratory_rate,1,-0.0005845022416340884,1,Histogram gradient boosting
respiratory_rate,2,0.0002220545658836448,1,Histogram gradient boosting
temperature,1,-1.6126258768178747e-05,1,Histogram gradient boosting
temperature,2,5.629218522831825e-05,1,Histogram gradient boosting
pao2_fio2_ratio,1,0.00045708917400777427,1,Histogram gradient boosting
pao2_fio2_ratio,2,-0.00011607380264425093,1,Histogram gradient boosting
albumin,1,1.4262795879294021e-05,1,Histogram gradient boosting
albumin,2,-0.0001715534662513063,1,Histogram gradient boosting
bilirubin,1,0.002266678502744063,1,Histogram gradient boosting
bilirubin,2,0.002093109126117293,1,Histogram gradient boosting
creatinine,1,0.00041481999262460434,1,Histogram gradient boosting
creatinine,2,0.0013523305108971706,1,Histogram gradient boosting
sodium,1,-0.0002617925850220415,1,Histogram gradient boosting
sodium,2,0.00013370065412993126,1,Histogram gradient boosting
arterial_ph,1,0.0012026904723084486,1,Histogram gradient boosting
arterial_ph,2,0.0012635039938246884,1,Histogram gradient boosting
glucose,1,0.000296130634135805,1,Histogram gradient boosting
glucose,2,-0.000623866937922879,1,Histogram gradient boosting
blood_urea_nitrogen,1,0.0016307796142054354,1,Histogram gradient boosting
blood_urea_nitrogen,2,0.00044828295674212426,1,Histogram gradient boosting
urine_output,1,0.0007436628213477459,1,Histogram gradient boosting
urine_output,2,0.00023199704752363548,1,Histogram gradient boosting
adl_patient_reported,1,0.024709076208190017,1,Histogram gradient boosting
adl_patient_reported,2,0.03453230257988105,1,Histogram gradient boosting
adl_surrogate_reported,1,0.002600018927445713,1,Histogram gradient boosting
adl_surrogate_reported,2,0.0026222310096692403,1,Histogram gradient boosting
sex,1,0.0001599572902075408,1,Histogram gradient boosting
sex,2,-7.182408852188238e-05,1,Histogram gradient boosting
race,1,6.599999594364414e-05,1,Histogram gradient boosting
race,2,4.812274815740869e-05,1,Histogram gradient boosting
income_category,1,1.5753963436837548e-06,1,Histogram gradient boosting
income_category,2,0.0003114498654277764,1,Histogram gradient boosting
diagnosis_group,1,0.010754046440678344,1,Histogram gradient boosting
diagnosis_group,2,0.008071272191899292,1,Histogram gradient boosting
diagnosis_class,1,0.006028653375040216,1,Histogram gradient boosting
diagnosis_class,2,0.005969119046233956,1,Histogram gradient boosting
diabetes,1,7.008326243551632e-05,1,Histogram gradient boosting
diabetes,2,6.232924660787287e-06,1,Histogram gradient boosting
dementia,1,0.00018224202432212677,1,Histogram gradient boosting
dementia,2,0.00012745284498880127,1,Histogram gradient boosting
cancer_status,1,-0.00031370630393165455,1,Histogram gradient boosting
cancer_status,2,-0.00034662767026427677,1,Histogram gradient boosting
age,1,4.819645560583119e-05,2,Histogram gradient boosting
age,2,0.002210762070586514,2,Histogram gradient boosting
years_of_education,1,9.097083549472473e-05,2,Histogram gradient boosting
years_of_education,2,0.0005225886364269294,2,Histogram gradient boosting
number_of_comorbidities,1,0.00034536376899732546,2,Histogram gradient boosting
number_of_comorbidities,2,0.0004891910364151764,2,Histogram gradient boosting
hospital_day_at_study_entry,1,0.008379792696387084,2,Histogram gradient boosting
hospital_day_at_study_entry,2,0.007286366417074114,2,Histogram gradient boosting
mean_arterial_pressure,1,0.0027542751471804072,2,Histogram gradient boosting
mean_arterial_pressure,2,0.002320332343336534,2,Histogram gradient boosting
white_blood_cell_count,1,0.00027424189670285926,2,Histogram gradient boosting
white_blood_cell_count,2,0.0003766023473817104,2,Histogram gradient boosting
heart_rate,1,0.0006898410687376788,2,Histogram gradient boosting
heart_rate,2,0.0008481469318667445,2,Histogram gradient boosting
respiratory_rate,1,-0.00038824008885643413,2,Histogram gradient boosting
respiratory_rate,2,0.000297472238499491,2,Histogram gradient boosting
temperature,1,0.0006628207775611628,2,Histogram gradient boosting
temperature,2,0.0002935743930253254,2,Histogram gradient boosting
pao2_fio2_ratio,1,0.00203287246450487,2,Histogram gradient boosting
pao2_fio2_ratio,2,0.0005666963989152396,2,Histogram gradient boosting
albumin,1,0.00016255234783976724,2,Histogram gradient boosting
albumin,2,-8.095431020213595e-05,2,Histogram gradient boosting
bilirubin,1,0.002980713032102039,2,Histogram gradient boosting
bilirubin,2,0.00319322804503519,2,Histogram gradient boosting
creatinine,1,0.0006898153101366489,2,Histogram gradient boosting
creatinine,2,0.0006009120957990444,2,Histogram gradient boosting
sodium,1,-0.0006263716458354829,2,Histogram gradient boosting
sodium,2,-0.0017383915741179257,2,Histogram gradient boosting
arterial_ph,1,0.0002912514320320414,2,Histogram gradient boosting
arterial_ph,2,0.0003653577479957315,2,Histogram gradient boosting
glucose,1,0.0013546117079551723,2,Histogram gradient boosting
glucose,2,0.0020854207059131935,2,Histogram gradient boosting
blood_urea_nitrogen,1,0.0005190989682000713,2,Histogram gradient boosting
blood_urea_nitrogen,2,7.951042388515406e-06,2,Histogram gradient boosting
urine_output,1,0.00016333450801833682,2,Histogram gradient boosting
urine_output,2,-0.0014365492230375976,2,Histogram gradient boosting
adl_patient_reported,1,0.033935987217461355,2,Histogram gradient boosting
adl_patient_reported,2,0.031754004107731604,2,Histogram gradient boosting
adl_surrogate_reported,1,0.002192613869346577,2,Histogram gradient boosting
adl_surrogate_reported,2,0.0024824033828041714,2,Histogram gradient boosting
sex,1,-5.302381565253089e-05,2,Histogram gradient boosting
sex,2,-2.8778034702386934e-05,2,Histogram gradient boosting
race,1,0.000148844277913035,2,Histogram gradient boosting
race,2,6.627655551180722e-05,2,Histogram gradient boosting
income_category,1,0.0011786440973345913,2,Histogram gradient boosting
income_category,2,0.0004288749371020584,2,Histogram gradient boosting
diagnosis_group,1,0.010470427090500473,2,Histogram gradient boosting
diagnosis_group,2,0.011371713156622387,2,Histogram gradient boosting
diagnosis_class,1,0.00902663833863973,2,Histogram gradient boosting
diagnosis_class,2,0.005120153933423216,2,Histogram gradient boosting
diabetes,1,-5.550024028369571e-05,2,Histogram gradient boosting
diabetes,2,-3.1280724258397896e-05,2,Histogram gradient boosting
dementia,1,0.00010341273926314787,2,Histogram gradient boosting
dementia,2,-0.0001397294005429095,2,Histogram gradient boosting
cancer_status,1,0.00012769139337395763,2,Histogram gradient boosting
cancer_status,2,-0.00023232639600045957,2,Histogram gradient boosting
age,1,0.005143488875303082,3,Histogram gradient boosting
age,2,0.0028580148127313187,3,Histogram gradient boosting
years_of_education,1,0.000228244271899658,3,Histogram gradient boosting
years_of_education,2,-0.00026005209951307506,3,Histogram gradient boosting
number_of_comorbidities,1,0.0007579486124440482,3,Histogram gradient boosting
number_of_comorbidities,2,0.00026348898488845474,3,Histogram gradient boosting
hospital_day_at_study_entry,1,0.007720061353074792,3,Histogram gradient boosting
hospital_day_at_study_entry,2,0.010213233407630667,3,Histogram gradient boosting
mean_arterial_pressure,1,0.001292510153849541,3,Histogram gradient boosting
mean_arterial_pressure,2,0.0011112868535467224,3,Histogram gradient boosting
white_blood_cell_count,1,-0.00020883885853312245,3,Histogram gradient boosting
white_blood_cell_count,2,-2.038044552421514e-05,3,Histogram gradient boosting
heart_rate,1,0.00235990076379039,3,Histogram gradient boosting
heart_rate,2,0.0012417953410907567,3,Histogram gradient boosting
respiratory_rate,1,-0.001476055914456209,3,Histogram gradient boosting
respiratory_rate,2,-0.0003090636533636948,3,Histogram gradient boosting
temperature,1,0.000438245277414373,3,Histogram gradient boosting
temperature,2,-0.00027817468749316565,3,Histogram gradient boosting
pao2_fio2_ratio,1,0.0009457151048530288,3,Histogram gradient boosting
pao2_fio2_ratio,2,0.000381025394097928,3,Histogram gradient boosting
albumin,1,0.00044537240382580556,3,Histogram gradient boosting
albumin,2,0.0007784756503831647,3,Histogram gradient boosting
bilirubin,1,0.00290376675006071,3,Histogram gradient boosting
bilirubin,2,0.0028506483320706044,3,Histogram gradient boosting
creatinine,1,0.0011684549766081687,3,Histogram gradient boosting
creatinine,2,0.0009307632731372084,3,Histogram gradient boosting
sodium,1,0.0002560311258083814,3,Histogram gradient boosting
sodium,2,0.0003382562884438056,3,Histogram gradient boosting
arterial_ph,1,0.00030990603551359075,3,Histogram gradient boosting
arterial_ph,2,0.001020352518040335,3,Histogram gradient boosting
glucose,1,0.0006654927960211832,3,Histogram gradient boosting
glucose,2,-2.545285511867945e-05,3,Histogram gradient boosting
blood_urea_nitrogen,1,0.001965151475940008,3,Histogram gradient boosting
blood_urea_nitrogen,2,0.0010084443233330798,3,Histogram gradient boosting
urine_output,1,0.0007805400753923553,3,Histogram gradient boosting
urine_output,2,0.0012585238826450795,3,Histogram gradient boosting
adl_patient_reported,1,0.030313223914726295,3,Histogram gradient boosting
adl_patient_reported,2,0.027568455121746327,3,Histogram gradient boosting
adl_surrogate_reported,1,0.0036928383177838864,3,Histogram gradient boosting
adl_surrogate_reported,2,0.004050951691097482,3,Histogram gradient boosting
sex,1,8.579784528850443e-05,3,Histogram gradient boosting
sex,2,0.00011955921275205728,3,Histogram gradient boosting
race,1,8.958980021872565e-05,3,Histogram gradient boosting
race,2,0.0002156078766179237,3,Histogram gradient boosting
income_category,1,0.00011471194467510548,3,Histogram gradient boosting
income_category,2,-3.27987637881999e-05,3,Histogram gradient boosting
diagnosis_group,1,0.006173008182457779,3,Histogram gradient boosting
diagnosis_group,2,0.007998240034862658,3,Histogram gradient boosting
diagnosis_class,1,0.008547689116910256,3,Histogram gradient boosting
diagnosis_class,2,0.008218891874003598,3,Histogram gradient boosting
diabetes,1,-0.0002219297211162874,3,Histogram gradient boosting
diabetes,2,-7.968743610325957e-05,3,Histogram gradient boosting
dementia,1,0.000277556389293665,3,Histogram gradient boosting
dementia,2,0.00035162615973394207,3,Histogram gradient boosting
cancer_status,1,0.00015498945390246543,3,Histogram gradient boosting
cancer_status,2,-0.00019379979584416285,3,Histogram gradient boosting
age,1,0.0015479045381732448,4,Histogram gradient boosting
age,2,0.0005958412043247652,4,Histogram gradient boosting
years_of_education,1,0.00022904183186256422,4,Histogram gradient boosting
years_of_education,2,5.00265952407819e-06,4,Histogram gradient boosting
number_of_comorbidities,1,-0.0001345628049157499,4,Histogram gradient boosting
number_of_comorbidities,2,0.00038302400008938253,4,Histogram gradient boosting
hospital_day_at_study_entry,1,0.006719907737408298,4,Histogram gradient boosting
hospital_day_at_study_entry,2,0.0040786263524367206,4,Histogram gradient boosting
mean_arterial_pressure,1,0.0017780001024615688,4,Histogram gradient boosting
mean_arterial_pressure,2,0.0014580935101385362,4,Histogram gradient boosting
white_blood_cell_count,1,-0.00015620841653385398,4,Histogram gradient boosting
white_blood_cell_count,2,0.0010900228153665203,4,Histogram gradient boosting
heart_rate,1,0.0008571568868893653,4,Histogram gradient boosting
heart_rate,2,0.0013217199172395333,4,Histogram gradient boosting
respiratory_rate,1,-0.00037795439150675736,4,Histogram gradient boosting
respiratory_rate,2,0.0001746788301216773,4,Histogram gradient boosting
temperature,1,-0.00020596615584367317,4,Histogram gradient boosting
temperature,2,-0.0007087859490960136,4,Histogram gradient boosting
pao2_fio2_ratio,1,0.0007300298333944577,4,Histogram gradient boosting
pao2_fio2_ratio,2,0.0013987384079505172,4,Histogram gradient boosting
albumin,1,0.0014676008538673513,4,Histogram gradient boosting
albumin,2,0.0013371003128279935,4,Histogram gradient boosting
bilirubin,1,0.002444109999425015,4,Histogram gradient boosting
bilirubin,2,0.002177960726659822,4,Histogram gradient boosting
creatinine,1,0.0032298312214400493,4,Histogram gradient boosting
creatinine,2,0.0017642386239624108,4,Histogram gradient boosting
sodium,1,-0.00012115982656171753,4,Histogram gradient boosting
sodium,2,-0.00035359409343413417,4,Histogram gradient boosting
arterial_ph,1,0.000512648633021473,4,Histogram gradient boosting
arterial_ph,2,0.0006265836908468658,4,Histogram gradient boosting
glucose,1,0.00019500186051790713,4,Histogram gradient boosting
glucose,2,0.0005660911586181927,4,Histogram gradient boosting
blood_urea_nitrogen,1,0.0017445896840612707,4,Histogram gradient boosting
blood_urea_nitrogen,2,0.0015726325974421695,4,Histogram gradient boosting
urine_output,1,0.00022958633486278024,4,Histogram gradient boosting
urine_output,2,0.0006100679522850483,4,Histogram gradient boosting
adl_patient_reported,1,0.03526218053525021,4,Histogram gradient boosting
adl_patient_reported,2,0.03253471801680821,4,Histogram gradient boosting
adl_surrogate_reported,1,0.0015254538430733433,4,Histogram gradient boosting
adl_surrogate_reported,2,0.001629598746281019,4,Histogram gradient boosting
sex,1,0.00017548909837833415,4,Histogram gradient boosting
sex,2,0.00023706473309925702,4,Histogram gradient boosting
race,1,0.00046423927516620056,4,Histogram gradient boosting
race,2,0.00045430775215826724,4,Histogram gradient boosting
income_category,1,-7.843285825567814e-05,4,Histogram gradient boosting
income_category,2,-7.460454154833984e-05,4,Histogram gradient boosting
diagnosis_group,1,0.0071284948288458105,4,Histogram gradient boosting
diagnosis_group,2,0.007120602831621331,4,Histogram gradient boosting
diagnosis_class,1,0.00825152459926265,4,Histogram gradient boosting
diagnosis_class,2,0.007733711171209301,4,Histogram gradient boosting
diabetes,1,4.09428478834184e-05,4,Histogram gradient boosting
diabetes,2,6.717788324539509e-05,4,Histogram gradient boosting
dementia,1,7.560723182498119e-05,4,Histogram gradient boosting
dementia,2,-2.5683377645746575e-05,4,Histogram gradient boosting
cancer_status,1,-8.028295770290406e-06,4,Histogram gradient boosting
cancer_status,2,-0.00023846069737676334,4,Histogram gradient boosting
age,1,0.0004711292079012108,5,Histogram gradient boosting
age,2,0.0038795148536642232,5,Histogram gradient boosting
years_of_education,1,0.0003920702364833828,5,Histogram gradient boosting
years_of_education,2,0.00017571041179959002,5,Histogram gradient boosting
number_of_comorbidities,1,0.0009802412192757293,5,Histogram gradient boosting
number_of_comorbidities,2,0.0009562092230307739,5,Histogram gradient boosting
hospital_day_at_study_entry,1,0.009507379196210752,5,Histogram gradient boosting
hospital_day_at_study_entry,2,0.008335293084051482,5,Histogram gradient boosting
mean_arterial_pressure,1,0.002008554656433792,5,Histogram gradient boosting
mean_arterial_pressure,2,0.002289748179354678,5,Histogram gradient boosting
white_blood_cell_count,1,0.0008220518732085513,5,Histogram gradient boosting
white_blood_cell_count,2,0.0011029754914624323,5,Histogram gradient boosting
heart_rate,1,0.0007885918787819413,5,Histogram gradient boosting
heart_rate,2,0.0007646908028327015,5,Histogram gradient boosting
respiratory_rate,1,0.0004315000687198922,5,Histogram gradient boosting
respiratory_rate,2,0.00029293294975230033,5,Histogram gradient boosting
temperature,1,0.00037570708632009286,5,Histogram gradient boosting
temperature,2,0.001072968179886502,5,Histogram gradient boosting
pao2_fio2_ratio,1,0.0015622870491079077,5,Histogram gradient boosting
pao2_fio2_ratio,2,0.0005589781101060232,5,Histogram gradient boosting
albumin,1,0.000528478207348887,5,Histogram gradient boosting
albumin,2,-0.00020136427051328787,5,Histogram gradient boosting
bilirubin,1,0.0011013837743641397,5,Histogram gradient boosting
bilirubin,2,0.0018160444402668396,5,Histogram gradient boosting
creatinine,1,0.0005900236421816918,5,Histogram gradient boosting
creatinine,2,0.001497303168688069,5,Histogram gradient boosting
sodium,1,1.8412932305561514e-05,5,Histogram gradient boosting
sodium,2,0.0004363374224616301,5,Histogram gradient boosting
arterial_ph,1,0.0005345341473561582,5,Histogram gradient boosting
arterial_ph,2,0.00010570347271376956,5,Histogram gradient boosting
glucose,1,0.000913989692592404,5,Histogram gradient boosting
glucose,2,0.000901208275388643,5,Histogram gradient boosting
blood_urea_nitrogen,1,-2.9529915615111868e-05,5,Histogram gradient boosting
blood_urea_nitrogen,2,0.0015425535443245042,5,Histogram gradient boosting
urine_output,1,0.0025422235803728155,5,Histogram gradient boosting
urine_output,2,0.001433833800569495,5,Histogram gradient boosting
adl_patient_reported,1,0.03034508499283467,5,Histogram gradient boosting
adl_patient_reported,2,0.03748820708005035,5,Histogram gradient boosting
adl_surrogate_reported,1,0.003680146513539928,5,Histogram gradient boosting
adl_surrogate_reported,2,0.004011519102697092,5,Histogram gradient boosting
sex,1,9.082435438159675e-05,5,Histogram gradient boosting
sex,2,9.559208641601868e-05,5,Histogram gradient boosting
race,1,2.3125389198463964e-05,5,Histogram gradient boosting
race,2,-8.23674389804907e-07,5,Histogram gradient boosting
income_category,1,-3.1586543862149874e-05,5,Histogram gradient boosting
income_category,2,4.37362609583547e-05,5,Histogram gradient boosting
diagnosis_group,1,0.008616560131155249,5,Histogram gradient boosting
diagnosis_group,2,0.009326058434196871,5,Histogram gradient boosting
diagnosis_class,1,0.004632942235604898,5,Histogram gradient boosting
diagnosis_class,2,0.0037944119456199132,5,Histogram gradient boosting
diabetes,1,-5.417661084963776e-05,5,Histogram gradient boosting
diabetes,2,-3.848088241059644e-05,5,Histogram gradient boosting
dementia,1,-0.00030485561532431205,5,Histogram gradient boosting
dementia,2,-0.00040605173735722144,5,Histogram gradient boosting
cancer_status,1,0.00026313435888580816,5,Histogram gradient boosting
cancer_status,2,-7.849820654237671e-05,5,Histogram gradient boosting
